old_canonical_id,new_canonical_id,building_id,floor_id,type,display_name,floor_source,alias_required,note
ab_f1_wc_m,ab_1f_wc_001,ab,ab_1f,wc,男子トイレ,id,yes,
ab_f1_wc_w,ab_1f_wc_002,ab,ab_1f,wc,女子トイレ,id,yes,
ab_f2_wc_m,ab_2f_wc_001,ab,ab_2f,wc,男子トイレ,id,yes,
ab_f2_wc_w,ab_2f_wc_002,ab,ab_2f,wc,女子トイレ,id,yes,
aptr_001,aptr_1f_rm_001,aptr,aptr_1f,rm,機体実習室,original_survey_floor_column,yes,
aptr_wc_m,aptr_1f_wc_001,aptr,aptr_1f,wc,男子トイレ,original_survey_floor_column,yes,
aptr_wc_w,aptr_1f_wc_002,aptr,aptr_1f,wc,女子トイレ,original_survey_floor_column,yes,
ar_f1_mr,ar_1f_rm_001,ar,ar_1f,rm,機械室,id,yes,
ar_f1_sr,ar_1f_rm_002,ar,ar_1f,rm,STAFF ROOM,id,yes,
ar_f1_wc_m,ar_1f_wc_001,ar,ar_1f,wc,男子トイレ,id,yes,
ar_f1_wc_w,ar_1f_wc_002,ar,ar_1f,wc,女子トイレ,id,yes,
ar_f2_clr,ar_2f_rm_001,ar,ar_2f,rm,CLUB ROOM,id,yes,
ar_f2_gym,ar_2f_rm_002,ar,ar_2f,rm,ジム,id,yes,
ar_f2_sr,ar_2f_rm_003,ar,ar_2f,rm,シャワールーム,id,yes,
ctc2_4FO,ctc2_1f_rm_001,ctc2,ctc2_1f,rm,第4職員室,original_survey_floor_column,yes,
ctc2_AKL_BNE,ctc2_1f_rm_002,ctc2,ctc2_1f,rm,AKL/BNE,original_survey_floor_column,yes,
ctc2_CA,ctc2_1f_rm_003,ctc2,ctc2_1f,rm,カフェエリア,original_survey_floor_column,yes,
ctc2_HNL_JFK,ctc2_1f_rm_004,ctc2,ctc2_1f,rm,HNL/JFK,original_survey_floor_column,yes,
ctc2_ICN_NRT,ctc2_1f_rm_005,ctc2,ctc2_1f,rm,ICN/NRT,original_survey_floor_column,yes,
ctc2_NO,ctc2_1f_rm_006,ctc2,ctc2_1f,rm,保健室,original_survey_floor_column,yes,
ctc2_PDX_LAX,ctc2_1f_rm_007,ctc2,ctc2_1f,rm,PDX/LAX,original_survey_floor_column,yes,
ctc2_wc_m,ctc2_1f_wc_001,ctc2,ctc2_1f,wc,男子トイレ,original_survey_floor_column,yes,
ctc2_wc_w,ctc2_1f_wc_002,ctc2,ctc2_1f,wc,女子トイレ,original_survey_floor_column,yes,
dvh_AMS,dvh_1f_rm_001,dvh,dvh_1f,rm,AMS,original_survey_floor_column,yes,
dvh_DVL,dvh_1f_rm_002,dvh,dvh_1f,rm,DVL,original_survey_floor_column,yes,
dvh_FRA,dvh_1f_rm_003,dvh,dvh_1f,rm,FRA,original_survey_floor_column,yes,
dvh_LHR,dvh_1f_rm_004,dvh,dvh_1f,rm,LHR,original_survey_floor_column,yes,
dvh_MAD,dvh_1f_rm_005,dvh,dvh_1f,rm,MAD,original_survey_floor_column,yes,
mb_f1_eec_1,mb_1f_cl_001,mb,mb_1f,cl,電気装備教室,id,yes,
mb_f1_eet_1,mb_1f_rm_001,mb,mb_1f,rm,電気装備実習室,id,yes,
mb_f1_etr_1,mb_1f_rm_002,mb,mb_1f,rm,電子実習室,id,yes,
mb_f1_icr_1,mb_1f_rm_003,mb,mb_1f,rm,計器通信室,id,yes,
mb_f1_lat_1,mb_1f_rm_004,mb,mb_1f,rm,大型機実習室,id,yes,
mb_f1_str_1,mb_1f_rm_005,mb,mb_1f,rm,システム実習室,id,yes,
mb_f1_wc_m,mb_1f_wc_001,mb,mb_1f,wc,男子トイレ,id,yes,
mb_f1_wc_w,mb_1f_wc_002,mb,mb_1f,wc,女子トイレ,id,yes,
mb_f2_cr_2a,mb_2f_cl_001,mb,mb_2f,cl,2A教室,id,yes,原本から復元
mb_f2_cr_2b,mb_2f_cl_002,mb,mb_2f,cl,2B教室,id,yes,
mb_f2_cr_2c,mb_2f_cl_003,mb,mb_2f,cl,2C教室,id,yes,
mb_f2_cr_2d,mb_2f_cl_004,mb,mb_2f,cl,2D教室,id,yes,
mb_f2_cr_2e,mb_2f_cl_005,mb,mb_2f,cl,2E教室,id,yes,
mb_f2_cr_2f,mb_2f_cl_006,mb,mb_2f,cl,2F教室,id,yes,
mb_f2_cr_2g,mb_2f_cl_007,mb,mb_2f,cl,2G教室,id,yes,
mb_f2_cr_001,mb_2f_cr_001,mb,mb_2f,cr,教室棟2階廊下区間1,id,yes,
mb_f2_cr_002,mb_2f_cr_002,mb,mb_2f,cr,教室棟2階廊下区間2,id,yes,
mb_f2_dp_1,mb_2f_rm_001,mb,mb_2f,rm,製図準備室,id,yes,
mb_f2_dr_1,mb_2f_rm_002,mb,mb_2f,rm,製図室,id,yes,
mb_f2_pc_1,mb_2f_rm_003,mb,mb_2f,rm,PC室,id,yes,
mb_f2_sc_1,mb_2f_rm_004,mb,mb_2f,rm,学友会室,id,yes,
mb_f2_wc_m,mb_2f_wc_001,mb,mb_2f,wc,男子トイレ,id,yes,
mb_f3_wc_w,mb_3f_wc_001,mb,mb_3f,wc,女子トイレ,id,yes,
ptb_f1_btr2_1,ptb_1f_rm_001,ptb,ptb_1f,rm,基本実習室2-1,id,yes,
ptb_f1_btr2_2,ptb_1f_rm_002,ptb,ptb_1f,rm,基本実習室2-2,id,yes,
ptb_f1_btr_1,ptb_1f_rm_003,ptb,ptb_1f,rm,基本実習室1,id,yes,
ptb_f1_eptr_1,ptb_1f_rm_004,ptb,ptb_1f,rm,発動機実習室,id,yes,
ptb_f1_n_dtr_1,ptb_1f_rm_005,ptb,ptb_1f,rm,非破壊検査実習室1,id,yes,
ptb_f1_n_dtr_2,ptb_1f_rm_006,ptb,ptb_1f,rm,非破壊検査実習室2,id,yes,
ptb_f1_vmtr_1,ptb_1f_rm_007,ptb,ptb_1f,rm,車両整備実習室1,id,yes,
ptb_f1_vmtr_2,ptb_1f_rm_008,ptb,ptb_1f,rm,車両整備実習室2,id,yes,
ptb_f1_ww_1,ptb_1f_rm_009,ptb,ptb_1f,rm,溶接室1-1,id,yes,
ptb_f1_ww_2,ptb_1f_rm_010,ptb,ptb_1f,rm,溶接室1-2,id,yes,
ptb_f1_wc_m,ptb_1f_wc_001,ptb,ptb_1f,wc,男子トイレ,id,yes,
ptb_f1_wc_w,ptb_1f_wc_002,ptb,ptb_1f,wc,女子トイレ,id,yes,
ptb_f2_wc_m,ptb_2f_wc_001,ptb,ptb_2f,wc,男子トイレ,id,yes,
ptb_f2_wc_w,ptb_2f_wc_002,ptb,ptb_2f,wc,女子トイレ,id,yes,
sab_ro1,sab_1f_rm_001,sab,sab_1f,rm,審査室１,original_survey_floor_column,yes,
sab_ro2,sab_1f_rm_002,sab,sab_1f,rm,審査室2,original_survey_floor_column,yes,
sab_ro3,sab_1f_rm_003,sab,sab_1f,rm,審査室3,original_survey_floor_column,yes,
sab_ro4,sab_1f_rm_004,sab,sab_1f,rm,審査室4,original_survey_floor_column,yes,
sab_ro5,sab_1f_rm_005,sab,sab_1f,rm,審査室5,original_survey_floor_column,yes,
sab_rr,sab_1f_rm_006,sab,sab_1f,rm,応接室,original_survey_floor_column,yes,
sab_sewr,sab_1f_rm_007,sab,sab_1f,rm,技能審査員控室,original_survey_floor_column,yes,
sab_wc_m,sab_1f_wc_001,sab,sab_1f,wc,男子トイレ,original_survey_floor_column,yes,
sab_wc_w,sab_1f_wc_002,sab,sab_1f,wc,女子トイレ,original_survey_floor_column,yes,
